objectid,title,date,creator,author_id,description,subject,location,religion,source,original-identifier,rights,rightsstatement,type,format,language,display_template,openlibraryid,olid_works_path,olid_img_path,object_location,image_small,image_thumb,image_alt_text
margan001,Untouchable,1935,Mulk Raj Anand,43,"Untouchable is a novel by Indian writer Mulk Raj Anand published in 1935. The novel established Anand as one of India's leading English authors. The book was inspired by his aunt's experience of being ostracized for sharing a meal with a Muslim woman. The plot of this book, Anand's first, revolves around the argument for eradicating the caste system. It depicts a day in the life of Bakha, a young ""sweeper"", who is ""untouchable"" due to his work of cleaning latrines. (Source: Wikipedia)",Experience; Critique; Institutions; Ethics; Purity,India,Hindu; Christianity-Protestant,https://www.wikidata.org/wiki/Q3641802,Q3641802,"Metadata and other content produced by the MaRGAN team for this website is free for teaching and research purposes, provided appropriate credit is given. See <a href=""https://creativecommons.org/licenses/by/4.0/"">https://creativecommons.org/licenses/by/4.0/</a> for more information.",https://creativecommons.org/licenses/by/4.0/,Text,image/jpeg,,record,OL22293680M,https://openlibrary.org/works/OL22293680M,https://covers.openlibrary.org/b/OLID/OL22293680M.jpg,/objects/cover_untouchable.jpg,/objects/small/cover_untouchable_sm.jpg,/objects/thumbs/cover_untouchable_th.jpg,Book cover for Untouchable by Mulk Raj Anand
margan002,The Village,1939,Mulk Raj Anand,43,"The Village is a novel by Mulk Raj Anand first published in 1939. This book was the first of a trilogy that included Across the Black Waters and The Sword and the Sickle. The plot centers on India's political structure, specifically the British rule and the independence movement. The novel revolves around Lal Singh a peasant in the Punjab, his antics going against social norms while in the village, his subsequent enrollment in the army and his troubles in the army, culminating in his return to the village. (Source: Wikipedia)",,India,,https://www.wikidata.org/wiki/Q7772637,Q7772637,"Metadata and other content produced by the MaRGAN team for this website is free for teaching and research purposes, provided appropriate credit is given. See <a href=""https://creativecommons.org/licenses/by/4.0/"">https://creativecommons.org/licenses/by/4.0/</a> for more information.",https://creativecommons.org/licenses/by/4.0/,Text,image/jpeg,,record,OL22788075M,https://openlibrary.org/works/OL22788075M,https://covers.openlibrary.org/b/OLID/OL22788075M.jpg,/objects/cover_the_village.jpg,/objects/small/cover_the_village_sm.jpg,/objects/thumbs/cover_the_village_th.jpg,Book cover for The Village by Mulk Raj Anand
margan003,"Bless Me, Ultima",1972,Rudolfo Anaya,44,"Bless Me, Ultima is a coming-of-age novel by Rudolfo Anaya centering on Antonio Márez y Luna and his mentorship under his curandera and protector, Ultima. It has become the most widely read and critically acclaimed novel in the New Mexican literature canon since its first publication in 1972. Teachers across disciplines in middle schools, high schools and universities have adopted it as a way to implement multicultural literature in their classes. The novel reflects Hispano culture of the 1940s in rural New Mexico. Anaya's use of Spanish, mystical depiction of the New Mexican landscape, use of cultural motifs such as La Llorona, and recounting of curandera folkways such as the gathering of medicinal herbs, gives readers a sense of the influence of indigenous cultural ways that are both authentic and distinct from the mainstream. (Source: Wikipedia)",Healing; Holy People; Place; Ritual,United States,Christianity-Roman Catholic; Animist-Native American,https://www.wikidata.org/wiki/Q4926190,Q4926190,"Metadata and other content produced by the MaRGAN team for this website is free for teaching and research purposes, provided appropriate credit is given. See <a href=""https://creativecommons.org/licenses/by/4.0/"">https://creativecommons.org/licenses/by/4.0/</a> for more information.",https://creativecommons.org/licenses/by/4.0/,Text,image/jpeg,,record,OL61279021M,https://openlibrary.org/works/OL61279021M,https://covers.openlibrary.org/b/OLID/OL61279021M.jpg,/objects/cover_bless_me_ultima.jpg,/objects/small/cover_bless_me_ultima_sm.jpg,/objects/thumbs/cover_bless_me_ultima_th.jpg,"Book cover for Bless Me, Ultima by Rudolfo Anaya"
margan004,He Who Rides a Tiger,1954,Bhabani Bhattacharya,45,,Community; Critique; Ethics; Gods & Spirits; Holy People; Omens & Visions; Ritual,India,Hindu; Non Affliated-Atheist,https://www.wikidata.org/wiki/Q135475079,Q135475079,"Metadata and other content produced by the MaRGAN team for this website is free for teaching and research purposes, provided appropriate credit is given. See <a href=""https://creativecommons.org/licenses/by/4.0/"">https://creativecommons.org/licenses/by/4.0/</a> for more information.",https://creativecommons.org/licenses/by/4.0/,Text,image/jpeg,,record,OL22811490M,https://openlibrary.org/works/OL22811490M,https://covers.openlibrary.org/b/OLID/OL22811490M.jpg,/objects/cover_he_who_rides_a_tiger.jpg,/objects/small/cover_he_who_rides_a_tiger_sm.jpg,/objects/thumbs/cover_he_who_rides_a_tiger_th.jpg,Book cover for He Who Rides a Tiger by Bhabani Bhattacharya
margan005,Go Tell It on the Mountain,1953,James Baldwin,46,"Go Tell It on the Mountain is a 1953 semi-autobiographical novel by James Baldwin. It tells the story of John Grimes, an intelligent teenager in 1930s Harlem, and his relationship with his family and his church. The novel also reveals the back stories of John's mother, his biological father, and his violent, fanatically religious stepfather, Gabriel Grimes. The novel focuses on the role of the Pentecostal Church in the lives of African Americans, both as a negative source of repression and moral hypocrisy and a positive source of inspiration and community. (Source: Wikipedia)",Belief; Body; Critique; Experience; Ritual; Sexuality,United States,Christianity-Protestant; Non Affliated-Atheist,https://www.wikidata.org/wiki/Q1444052,Q1444052,"Metadata and other content produced by the MaRGAN team for this website is free for teaching and research purposes, provided appropriate credit is given. See <a href=""https://creativecommons.org/licenses/by/4.0/"">https://creativecommons.org/licenses/by/4.0/</a> for more information.",https://creativecommons.org/licenses/by/4.0/,Text,image/jpeg,,record,OL49653429M,https://openlibrary.org/works/OL49653429M,https://covers.openlibrary.org/b/OLID/OL49653429M.jpg,/objects/cover_go_tell_it_on_the_mountain.jpg,/objects/small/cover_go_tell_it_on_the_mountain_sm.jpg,/objects/thumbs/cover_go_tell_it_on_the_mountain_th.jpg,Book cover for Go Tell It on the Mountain by James Baldwin
margan006,The Secret Garden,1911,Frances Hodgson Burnett,47,"The Secret Garden is a children's novel by Frances Hodgson Burnett first published in book form in 1911, after serialisation in The American Magazine. Set in England, it is seen as a classic of English children's literature. The American edition was published by the Frederick A. Stokes Company with illustrations by M. L. Kirk, and the British edition by Heinemann with illustrations by Charles Robinson. (Source: Wikipedia)",Enchantment; Healing; Nature; Place,United Kingdom; India,Christianity-Protestant; Syncretic Religions-Occult; Syncretic Religions-Pagan,https://www.wikidata.org/wiki/Q472194,Q472194,"Metadata and other content produced by the MaRGAN team for this website is free for teaching and research purposes, provided appropriate credit is given. See <a href=""https://creativecommons.org/licenses/by/4.0/"">https://creativecommons.org/licenses/by/4.0/</a> for more information.",https://creativecommons.org/licenses/by/4.0/,Text,image/jpeg,,record,OL32350293M,https://openlibrary.org/works/OL32350293M,https://covers.openlibrary.org/b/OLID/OL32350293M.jpg,/objects/cover_the_secret_garden.jpg,/objects/small/cover_the_secret_garden_sm.jpg,/objects/thumbs/cover_the_secret_garden_th.jpg,Book cover for The Secret Garden by Frances Hodgson Burnett
margan007,Armed with Madness,1928,Mary Butts,48,Armed with Madness is a novel by Mary Butts first published in 1928 that incorporates Modernism and Psychoanalytical Criticism. (Source: Wikipedia),Belief; Enchantment; Nature; Place; Ritual; Sacrifice; Thing,United Kingdom,Christianity-Anglican; Syncretic Religions-Occult; Syncretic Religions-Pagan,https://www.wikidata.org/wiki/Q13430524,Q13430524,"Metadata and other content produced by the MaRGAN team for this website is free for teaching and research purposes, provided appropriate credit is given. See <a href=""https://creativecommons.org/licenses/by/4.0/"">https://creativecommons.org/licenses/by/4.0/</a> for more information.",https://creativecommons.org/licenses/by/4.0/,Text,image/jpeg,,record,OL7359130M,https://openlibrary.org/works/OL7359130M,https://covers.openlibrary.org/b/OLID/OL7359130M.jpg,/objects/cover_armed_with_madness.jpg,/objects/small/cover_armed_with_madness_sm.jpg,/objects/thumbs/cover_armed_with_madness_th.jpg,Book cover for Armed with Madness by Mary Butts
margan008,Ubik,1969,Phillip K. Dick,49,"Ubik is a 1969 science fiction novel by American writer Philip K. Dick. The story is set in a future 1992 where psychic powers are utilized in corporate espionage, while cryonic technology allows recently deceased people to be maintained in a lengthy state of hibernation. It follows Joe Chip, a technician at a psychic agency who begins to experience strange alterations in reality that can be temporarily reversed by a mysterious store-bought substance called Ubik. This work expands upon characters and concepts previously introduced in the vignette ""What the Dead Men Say"". (Source: Wikipedia)",Afterlife; Holy People; Omens & Visions; Psyche; Transcendence,United States,Christianity-Protestant; Buddhism-Theravada; Non Affliated-Spiritual but not religious,https://www.wikidata.org/wiki/Q617357,Q617357,"Metadata and other content produced by the MaRGAN team for this website is free for teaching and research purposes, provided appropriate credit is given. See <a href=""https://creativecommons.org/licenses/by/4.0/"">https://creativecommons.org/licenses/by/4.0/</a> for more information.",https://creativecommons.org/licenses/by/4.0/,Text,image/jpeg,,record,OL9002759M,https://openlibrary.org/works/OL9002759M,https://covers.openlibrary.org/b/OLID/OL9002759M.jpg,/objects/cover_ubik.jpg,/objects/small/cover_ubik_sm.jpg,/objects/thumbs/cover_ubik_th.jpg,Book cover for Ubik by Phillip K. Dick
margan009,All About H. Hatterr,1948,G.V. Desani,50,"All About H. Hatterr (1948) is a novel by G. V. Desani chronicles an Anglo-Malay man's adventures in search of wisdom and enlightenment. ""As far back as in 1951,"" Desani later wrote, ""I said H. Hatterr was a portrait of a man, the common vulgar species, found everywhere, both in the East and in the West"". (Source: Wikipedia)",,,,https://www.wikidata.org/wiki/Q4728502,Q4728502,"Metadata and other content produced by the MaRGAN team for this website is free for teaching and research purposes, provided appropriate credit is given. See <a href=""https://creativecommons.org/licenses/by/4.0/"">https://creativecommons.org/licenses/by/4.0/</a> for more information.",https://creativecommons.org/licenses/by/4.0/,Text,image/jpeg,,record,OL8845342M,https://openlibrary.org/works/OL8845342M,https://covers.openlibrary.org/b/OLID/OL8845342M.jpg,/objects/cover_all_about_h_hatterr.jpg,/objects/small/cover_all_about_h_hatterr_sm.jpg,/objects/thumbs/cover_all_about_h_hatterr_th.jpg,Book cover for All About H. Hatterr by G.V. Desani
margan010,A Passage to India,1924,E.M. Forster,51,"A Passage to India is a 1924 novel by English author E. M. Forster set against the backdrop of the British Raj and the Indian independence movement in the 1920s. It was selected as one of the 100 great works of 20th-century English literature by the Modern Library and won the 1924 James Tait Black Memorial Prize for fiction. Time magazine included the novel in its ""All Time 100 Novels"" list. The novel is based on Forster's experiences in India, deriving the title from Walt Whitman's 1870 poem ""Passage to India"" in Leaves of Grass. (Source: Wikipedia)",Ethics; Experience; Place; Spirituality; Supernatural,United Kingdom; India,Christianity-Protestant; Islam-Sunni; Hindu,https://www.wikidata.org/wiki/Q622303,Q622303,"Metadata and other content produced by the MaRGAN team for this website is free for teaching and research purposes, provided appropriate credit is given. See <a href=""https://creativecommons.org/licenses/by/4.0/"">https://creativecommons.org/licenses/by/4.0/</a> for more information.",https://creativecommons.org/licenses/by/4.0/,Text,image/jpeg,,record,OL58978927M,https://openlibrary.org/works/OL58978927M,https://covers.openlibrary.org/b/OLID/OL58978927M.jpg,/objects/cover_a_passage_to_india.jpg,/objects/small/cover_a_passage_to_india_sm.jpg,/objects/thumbs/cover_a_passage_to_india_th.jpg,Book cover for A Passage to India by E.M. Forster
margan011,Dune,1965,Frank Herbert,52,"Dune is a 1965 epic science fiction novel by American author Frank Herbert, originally published as two separate serials in Analog magazine. It tied with Roger Zelazny's This Immortal for the Hugo Award for Best Novel and won the inaugural Nebula Award for Best Novel in 1966. It is the first installment of the Dune Chronicles. It is one of the world's best-selling science fiction novels. (Source: Wikipedia)",,,,https://www.wikidata.org/wiki/Q190192,Q190192,"Metadata and other content produced by the MaRGAN team for this website is free for teaching and research purposes, provided appropriate credit is given. See <a href=""https://creativecommons.org/licenses/by/4.0/"">https://creativecommons.org/licenses/by/4.0/</a> for more information.",https://creativecommons.org/licenses/by/4.0/,Text,image/jpeg,,record,OL26242482M,https://openlibrary.org/works/OL26242482M,https://covers.openlibrary.org/b/OLID/OL26242482M.jpg,/objects/cover_dune.jpg,/objects/small/cover_dune_sm.jpg,/objects/thumbs/cover_dune_th.jpg,Book cover for Dune by Frank Herbert
margan012,Sunlight on a Broken Column,1961,Attia Hosain,53,"Sunlight on a Broken Column is a novel by Attia Hosain, which was published in 1961. The novel, mainly set in Lucknow, is an autobiographical account by a fictional character called Laila, who is a 15-year-old orphaned daughter of a rich Muslim family of Taluqdars. It is a novel by a Muslim lady on the theme of Partition of India into India and Pakistan. (Source: Wikipedia)",Belief; Community; Critique; Institutions; Ritual,India,Hindu; Islam-Sunni,https://www.wikidata.org/wiki/Q7640506,Q7640506,"Metadata and other content produced by the MaRGAN team for this website is free for teaching and research purposes, provided appropriate credit is given. See <a href=""https://creativecommons.org/licenses/by/4.0/"">https://creativecommons.org/licenses/by/4.0/</a> for more information.",https://creativecommons.org/licenses/by/4.0/,Text,image/jpeg,,record,OL2211737M,https://openlibrary.org/works/OL2211737M,https://covers.openlibrary.org/b/OLID/OL2211737M.jpg,/objects/cover_sunlight_on_a_broken_column.jpg,/objects/small/cover_sunlight_on_a_broken_column_sm.jpg,/objects/thumbs/cover_sunlight_on_a_broken_column_th.jpg,Book cover for Sunlight on a Broken Column by Attia Hosain
margan013,"Moses, Man of the Mountain",1939,Zora Neale Hurston,54,"

Moses, Man of the Mountain is a 1939 novel by African-American novelist and anthropologist Zora Neale Hurston. The novel rewrites the story of the Book of Exodus of Moses and the Israelites from an Afro-American perspective. The novel applies a number of different motifs and themes commonly addressed in African-American culture, subverting the Moses story. (Source: Wikipedia)",,,,https://www.wikidata.org/wiki/Q24255912,Q24255912,"Metadata and other content produced by the MaRGAN team for this website is free for teaching and research purposes, provided appropriate credit is given. See <a href=""https://creativecommons.org/licenses/by/4.0/"">https://creativecommons.org/licenses/by/4.0/</a> for more information.",https://creativecommons.org/licenses/by/4.0/,Text,image/jpeg,,record,OL1890533M,https://openlibrary.org/works/OL1890533M,https://covers.openlibrary.org/b/OLID/OL1890533M.jpg,/objects/cover_moses_man_of_the_mountain.jpg,/objects/small/cover_moses_man_of_the_mountain_sm.jpg,/objects/thumbs/cover_moses_man_of_the_mountain_th.jpg,"Book cover for Moses, Man of the Mountain by Zora Neale Hurston"
margan014,Their Eyes Were Watching God,1937,Zora Neale Hurston,54,"Their Eyes Were Watching God is a 1937 novel by American writer Zora Neale Hurston. It is considered a classic of the Harlem Renaissance and Hurston's best-known work. The novel explores protagonist Janie Crawford's ""ripening from a vibrant, but voiceless, teenage girl into a woman with her finger on the trigger of her own destiny."" (Source: Wikipedia)",,,,https://www.wikidata.org/wiki/Q1476619,Q1476619,"Metadata and other content produced by the MaRGAN team for this website is free for teaching and research purposes, provided appropriate credit is given. See <a href=""https://creativecommons.org/licenses/by/4.0/"">https://creativecommons.org/licenses/by/4.0/</a> for more information.",https://creativecommons.org/licenses/by/4.0/,Text,image/jpeg,,record,OL8580015M,https://openlibrary.org/works/OL8580015M,https://covers.openlibrary.org/b/OLID/OL8580015M.jpg,/objects/cover_their_eyes_were_watching_god.jpg,/objects/small/cover_their_eyes_were_watching_god_sm.jpg,/objects/thumbs/cover_their_eyes_were_watching_god_th.jpg,Book cover for Their Eyes Were Watching God by Zora Neale Hurston
margan015,A Portrait of the Artist as a Young Man,1916,James Joyce,55,"

A Portrait of the Artist as a Young Man is the second book and first novel of Irish writer James Joyce, published in 1916. A Künstlerroman written in a modernist style, it traces the religious and intellectual awakening of young Stephen Dedalus, Joyce's fictional alter ego, whose surname alludes to Daedalus, Greek mythology's consummate craftsman. Stephen questions and rebels against the Catholic and Irish conventions under which he has grown, culminating in his self-exile from Ireland to Europe. The work uses techniques that Joyce developed more fully in Ulysses (1922) and Finnegans Wake (1939). (Source: Wikipedia)",Arts; Body; Critique; Holy People; Institutions,Ireland,Christianity-Roman Catholic; Non Affliated-Atheist,https://www.wikidata.org/wiki/Q465360,Q465360,"Metadata and other content produced by the MaRGAN team for this website is free for teaching and research purposes, provided appropriate credit is given. See <a href=""https://creativecommons.org/licenses/by/4.0/"">https://creativecommons.org/licenses/by/4.0/</a> for more information.",https://creativecommons.org/licenses/by/4.0/,Text,image/jpeg,,record,OL58991473M,https://openlibrary.org/works/OL58991473M,https://covers.openlibrary.org/b/OLID/OL58991473M.jpg,/objects/cover_a_portrait_of_the_artist_as_a_young_man.jpg,/objects/small/cover_a_portrait_of_the_artist_as_a_young_man_sm.jpg,/objects/thumbs/cover_a_portrait_of_the_artist_as_a_young_man_th.jpg,Book cover for A Portrait of the Artist as a Young Man by James Joyce
margan016,Ulysses,1922,James Joyce,55,"Ulysses is a modernist novel by the Irish writer James Joyce. Partially serialised in the American journal The Little Review from March 1918 to December 1920, the entire work was published in Paris by Sylvia Beach on 2 February 1922, Joyce's fortieth birthday. It is considered one of the most important works of modernist literature and a classic of the genre, having been called ""a demonstration and summation of the entire movement"". (Source: Wikipedia)",,,,https://www.wikidata.org/wiki/Q6511,Q6511,"Metadata and other content produced by the MaRGAN team for this website is free for teaching and research purposes, provided appropriate credit is given. See <a href=""https://creativecommons.org/licenses/by/4.0/"">https://creativecommons.org/licenses/by/4.0/</a> for more information.",https://creativecommons.org/licenses/by/4.0/,Text,image/jpeg,,record,OL32052602M,https://openlibrary.org/works/OL32052602M,https://covers.openlibrary.org/b/OLID/OL32052602M.jpg,/objects/cover_ulysses.jpg,/objects/small/cover_ulysses_sm.jpg,/objects/thumbs/cover_ulysses_th.jpg,Book cover for Ulysses by James Joyce
margan017,The Dharma Bums,1958,Jack Kerouac,56,"The Dharma Bums is a 1958 novel by Beat Generation author Jack Kerouac. The basis for the novel's semi-fictional accounts are events occurring years after the events of On the Road. The main characters are the narrator Ray Smith, based on Kerouac, and Japhy Ryder, based on the poet and essayist Gary Snyder, who was instrumental in Kerouac's introduction to Buddhism in the mid-1950s. (Source: Wikipedia)",Arts; Nature; Performance; Sexuality; Spirituality,United States; Mexico,Christianity-Roman Catholic; Buddhism-Mahayana; Non Affliated-Spiritual but not religious,https://www.wikidata.org/wiki/Q1493270,Q1493270,"Metadata and other content produced by the MaRGAN team for this website is free for teaching and research purposes, provided appropriate credit is given. See <a href=""https://creativecommons.org/licenses/by/4.0/"">https://creativecommons.org/licenses/by/4.0/</a> for more information.",https://creativecommons.org/licenses/by/4.0/,Text,image/jpeg,,record,OL43537823M,https://openlibrary.org/works/OL43537823M,https://covers.openlibrary.org/b/OLID/OL43537823M.jpg,/objects/cover_the_dharma_bums.jpg,/objects/small/cover_the_dharma_bums_sm.jpg,/objects/thumbs/cover_the_dharma_bums_th.jpg,Book cover for The Dharma Bums by Jack Kerouac
margan018,The Second Scroll,1951,A.M. Klein,57,"The Second Scroll is a 1951 novel by the Jewish-Canadian writer A. M. Klein. Klein's only novel was written after his pilgrimage to the newly founded nation of Israel in 1949. It concerns the quest for meaning in the post-Holocaust world, as an unnamed narrator, a Montreal journalist, editor, poet and Zionist, who traveled to the State of Israel soon after its founding, searches for his long-lost uncle, Melech Davidson, a Holocaust survivor, in post-war Italy, Morocco, and Israel. (Source: Wikipedia)",,,,https://www.wikidata.org/wiki/Q7762952,Q7762952,"Metadata and other content produced by the MaRGAN team for this website is free for teaching and research purposes, provided appropriate credit is given. See <a href=""https://creativecommons.org/licenses/by/4.0/"">https://creativecommons.org/licenses/by/4.0/</a> for more information.",https://creativecommons.org/licenses/by/4.0/,Text,image/jpeg,,record,OL6093640M,https://openlibrary.org/works/OL6093640M,https://covers.openlibrary.org/b/OLID/OL6093640M.jpg,/objects/cover_the_second_scroll.jpg,/objects/small/cover_the_second_scroll_sm.jpg,/objects/thumbs/cover_the_second_scroll_th.jpg,Book cover for The Second Scroll by A.M. Klein
margan019,The Prevalence of Witches,1947,Aubrey Menen,58,,,,,https://www.wikidata.org/wiki/Q133716611,Q133716611,"Metadata and other content produced by the MaRGAN team for this website is free for teaching and research purposes, provided appropriate credit is given. See <a href=""https://creativecommons.org/licenses/by/4.0/"">https://creativecommons.org/licenses/by/4.0/</a> for more information.",https://creativecommons.org/licenses/by/4.0/,Text,image/jpeg,,record,OL6029501M,https://openlibrary.org/works/OL6029501M,https://covers.openlibrary.org/b/OLID/OL6029501M.jpg,/objects/cover_the_prevalence_of_witches.jpg,/objects/small/cover_the_prevalence_of_witches_sm.jpg,/objects/thumbs/cover_the_prevalence_of_witches_th.jpg,Book cover for The Prevalence of Witches by Aubrey Menen
margan020,They Were Defeated,1932,Rose Macaulay,59,"They Were Defeated is a historical novel by Rose Macaulay, first published in 1932. It was published in the USA under the title The Shadow Flies. It was through the publication of the American edition that Macaulay got back in touch with her cousin, the Rev. John Hamilton Cowper Johnson, and thus began a correspondence that lasted until her death. The historian C V Wedgwood wrote the preface to a 1960 edition of the book, in which she reveals that the novel was written partly at the instigation of Macaulay's publisher, John Murray, who had asked for something to shed light on the background to her first novel, Abbots Verney (1906). (Source: Wikipedia)",,,,https://www.wikidata.org/wiki/Q7783788,Q7783788,"Metadata and other content produced by the MaRGAN team for this website is free for teaching and research purposes, provided appropriate credit is given. See <a href=""https://creativecommons.org/licenses/by/4.0/"">https://creativecommons.org/licenses/by/4.0/</a> for more information.",https://creativecommons.org/licenses/by/4.0/,Text,image/jpeg,,record,OL13748509M,https://openlibrary.org/works/OL13748509M,https://covers.openlibrary.org/b/OLID/OL13748509M.jpg,/objects/cover_they_were_defeated.jpg,/objects/small/cover_they_were_defeated_sm.jpg,/objects/thumbs/cover_they_were_defeated_th.jpg,Book cover for They Were Defeated by Rose Macaulay
margan021,The Surrounded,1936,D'Arcy McNickle,60,"The Surrounded, D’Arcy McNickle's first book, was first published in 1936 by Harcourt, Brace and Company then republished in 1964 and again in 1978 by the University of New Mexico Press. McNickle was a Cree Métis author enrolled as Salish-Kootenai on the Flathead Indian Reservation. (Source: Wikipedia)",Arts; Community; Experience; Institutions; Place; Ritual,United States,Christianity-Roman Catholic; Animist-Native American,https://www.wikidata.org/wiki/Q65117345,Q65117345,"Metadata and other content produced by the MaRGAN team for this website is free for teaching and research purposes, provided appropriate credit is given. See <a href=""https://creativecommons.org/licenses/by/4.0/"">https://creativecommons.org/licenses/by/4.0/</a> for more information.",https://creativecommons.org/licenses/by/4.0/,Text,image/jpeg,,record,OL6333731M,https://openlibrary.org/works/OL6333731M,https://covers.openlibrary.org/b/OLID/OL6333731M.jpg,/objects/cover_the_surrounded.jpg,/objects/small/cover_the_surrounded_sm.jpg,/objects/thumbs/cover_the_surrounded_th.jpg,Book cover for The Surrounded by D'Arcy McNickle
margan022,The Corn King and the Spring Queen,1931,Naomi Mitchison,61,,,,,https://www.wikidata.org/wiki/Q133718361,Q133718361,"Metadata and other content produced by the MaRGAN team for this website is free for teaching and research purposes, provided appropriate credit is given. See <a href=""https://creativecommons.org/licenses/by/4.0/"">https://creativecommons.org/licenses/by/4.0/</a> for more information.",https://creativecommons.org/licenses/by/4.0/,Text,image/jpeg,,record,OL6764815M,https://openlibrary.org/works/OL6764815M,https://covers.openlibrary.org/b/OLID/OL6764815M.jpg,/objects/cover_the_corn_king_and_the_spring_queen.jpg,/objects/small/cover_the_corn_king_and_the_spring_queen_sm.jpg,/objects/thumbs/cover_the_corn_king_and_the_spring_queen_th.jpg,Book cover for The Corn King and the Spring Queen by Naomi Mitchison
margan023,My Brother’s Face,1924,Dhan Gopal Mukerji,62,,,,,https://www.wikidata.org/wiki/Q135475798,Q135475798,"Metadata and other content produced by the MaRGAN team for this website is free for teaching and research purposes, provided appropriate credit is given. See <a href=""https://creativecommons.org/licenses/by/4.0/"">https://creativecommons.org/licenses/by/4.0/</a> for more information.",https://creativecommons.org/licenses/by/4.0/,Text,image/jpeg,,record,OL43193847M,https://openlibrary.org/works/OL43193847M,https://covers.openlibrary.org/b/OLID/OL43193847M.jpg,/objects/cover_my_brothers_face.jpg,/objects/small/cover_my_brothers_face_sm.jpg,/objects/thumbs/cover_my_brothers_face_th.jpg,Book cover for My Brother’s Face by Dhan Gopal Mukerji
margan024,The Guide,1958,R.K. Narayan,63,"The Guide is a 1958 novel written in English by the Indian author R. K. Narayan. Like most of his works, the events of this novel take place in Malgudi, a fictional town in South India. The novel describes the transformation of the protagonist, Raju, from a tour guide to a spiritual guide and then one of the greatest holy men of India. (Source: Wikipedia)",Arts; Critique; Holy People; Performance; Sacrifice,India,Hindu,https://www.wikidata.org/wiki/Q7738453,Q7738453,"Metadata and other content produced by the MaRGAN team for this website is free for teaching and research purposes, provided appropriate credit is given. See <a href=""https://creativecommons.org/licenses/by/4.0/"">https://creativecommons.org/licenses/by/4.0/</a> for more information.",https://creativecommons.org/licenses/by/4.0/,Text,image/jpeg,,record,OL17924003M,https://openlibrary.org/works/OL17924003M,https://covers.openlibrary.org/b/OLID/OL17924003M.jpg,/objects/cover_the_guide.jpg,/objects/small/cover_the_guide_sm.jpg,/objects/thumbs/cover_the_guide_th.jpg,Book cover for The Guide by R.K. Narayan
margan025,A Glastonbury Romance,1932,John Cowper Powys,64,"A Glastonbury Romance was written by John Cowper Powys (1872–1963) in rural upstate New York and first published by Simon and Schuster in New York City in March 1932. An English edition published by John Lane followed in 1933. It has ""nearly half-a-million words"" and was described as ""probably the longest undivided novel in English"". (Source: Wikipedia)",Holy People; Performance; Sexuality; Place; Sacrifice,United Kingdom,Christianity-Anglican; Syncretic Religions-Pagan; Christianity-Roman Catholic; Christianity-Eastern Orthodox,https://www.wikidata.org/wiki/Q1529809,Q1529809,"Metadata and other content produced by the MaRGAN team for this website is free for teaching and research purposes, provided appropriate credit is given. See <a href=""https://creativecommons.org/licenses/by/4.0/"">https://creativecommons.org/licenses/by/4.0/</a> for more information.",https://creativecommons.org/licenses/by/4.0/,Text,image/jpeg,,record,OL47690713M,https://openlibrary.org/works/OL47690713M,https://covers.openlibrary.org/b/OLID/OL47690713M.jpg,/objects/cover_a_glastonbury_romance.jpg,/objects/small/cover_a_glastonbury_romance_sm.jpg,/objects/thumbs/cover_a_glastonbury_romance_th.jpg,Book cover for A Glastonbury Romance by John Cowper Powys
margan026,Excellent Women,1953,Barbara Pym,65,"Excellent Women, the second published novel by Barbara Pym, first appeared from Jonathan Cape in 1952. A novel of manners, it is generally acclaimed as her funniest and most successful in that genre. (Source: Wikipedia)",,,,https://www.wikidata.org/wiki/Q5419435,Q5419435,"Metadata and other content produced by the MaRGAN team for this website is free for teaching and research purposes, provided appropriate credit is given. See <a href=""https://creativecommons.org/licenses/by/4.0/"">https://creativecommons.org/licenses/by/4.0/</a> for more information.",https://creativecommons.org/licenses/by/4.0/,Text,image/jpeg,,record,OL16214573M,https://openlibrary.org/works/OL16214573M,https://covers.openlibrary.org/b/OLID/OL16214573M.jpg,/objects/cover_excellent_women.jpg,/objects/small/cover_excellent_women_sm.jpg,/objects/thumbs/cover_excellent_women_th.jpg,Book cover for Excellent Women by Barbara Pym
margan027,The Chosen,1967,Chaim Potok,66,"The Chosen is a novel written by Chaim Potok. It was first published in 1967. It follows the narrator, Reuven Malter, and his friend Daniel Saunders, as they grow up in the Williamsburg neighborhood in Brooklyn, New York, in the 1940s. A sequel featuring Reuven's young adult years, The Promise, was published in 1969. (Source: Wikipedia)",,,,https://www.wikidata.org/wiki/Q2752989,Q2752989,"Metadata and other content produced by the MaRGAN team for this website is free for teaching and research purposes, provided appropriate credit is given. See <a href=""https://creativecommons.org/licenses/by/4.0/"">https://creativecommons.org/licenses/by/4.0/</a> for more information.",https://creativecommons.org/licenses/by/4.0/,Text,image/jpeg,,record,OL24983252M,https://openlibrary.org/works/OL24983252M,https://covers.openlibrary.org/b/OLID/OL24983252M.jpg,/objects/cover_the_chosen.jpg,/objects/small/cover_the_chosen_sm.jpg,/objects/thumbs/cover_the_chosen_th.jpg,Book cover for The Chosen by Chaim Potok
margan028,The Promise,1969,Chaim Potok,66,"The Promise is a novel written by Chaim Potok, published in 1969. It is a sequel to his previous novel The Chosen. Set in 1950s New York, it continues the saga of the two friends, Reuven Malter, a Modern Orthodox Jew studying to become a rabbi, and Danny Saunders, a genius Hasidic Jew who has broken with his sect's tradition by refusing to take his father's place as rebbe in order to become a psychologist. The theme of the conflict between traditional and modern Orthodox Judaism that runs throughout The Chosen is expanded here against the backdrop of the changes that have taken place in Reuven and Danny's world in the period of time between the two novels: following World War II, European survivors of the Holocaust have come to America, rebuilding their shattered lives and often making their fiercely traditionalist religious viewpoint felt among their people. (Source: Wikipedia)",,,,https://www.wikidata.org/wiki/Q2630405,Q2630405,"Metadata and other content produced by the MaRGAN team for this website is free for teaching and research purposes, provided appropriate credit is given. See <a href=""https://creativecommons.org/licenses/by/4.0/"">https://creativecommons.org/licenses/by/4.0/</a> for more information.",https://creativecommons.org/licenses/by/4.0/,Text,image/jpeg,,record,OL7565843M,https://openlibrary.org/works/OL7565843M,https://covers.openlibrary.org/b/OLID/OL7565843M.jpg,/objects/cover_the_promise.jpg,/objects/small/cover_the_promise_sm.jpg,/objects/thumbs/cover_the_promise_th.jpg,Book cover for The Promise by Chaim Potok
margan029,Kanthapura,1938,Raja Rao,67,,,,,https://www.wikidata.org/wiki/Q42191804,Q42191804,"Metadata and other content produced by the MaRGAN team for this website is free for teaching and research purposes, provided appropriate credit is given. See <a href=""https://creativecommons.org/licenses/by/4.0/"">https://creativecommons.org/licenses/by/4.0/</a> for more information.",https://creativecommons.org/licenses/by/4.0/,Text,image/jpeg,,record,OL5886228M,https://openlibrary.org/works/OL5886228M,https://covers.openlibrary.org/b/OLID/OL5886228M.jpg,/objects/cover_kanthapura.jpg,/objects/small/cover_kanthapura_sm.jpg,/objects/thumbs/cover_kanthapura_th.jpg,Book cover for Kanthapura by Raja Rao
margan030,Mumbo Jumbo,1972,Ishmael Reed,68,"Mumbo Jumbo is a 1972 novel by African-American author Ishmael Reed, originally published by Doubleday in New York. The novel has remained continuously in print in the decades since its first edition. It was first published in the UK by Allison and Busby, and has been published in translation in several languages, including French, Italian, Spanish, Japanese, as well as a Chinese translation in 2019. The novel was released as a Penguin Modern Classic in 2017. (Source: Wikipedia)",,,,https://www.wikidata.org/wiki/Q6935365,Q6935365,"Metadata and other content produced by the MaRGAN team for this website is free for teaching and research purposes, provided appropriate credit is given. See <a href=""https://creativecommons.org/licenses/by/4.0/"">https://creativecommons.org/licenses/by/4.0/</a> for more information.",https://creativecommons.org/licenses/by/4.0/,Text,image/jpeg,,record,OL28943570M,https://openlibrary.org/works/OL28943570M,https://covers.openlibrary.org/b/OLID/OL28943570M.jpg,/objects/cover_mumbo_jumbo.jpg,/objects/small/cover_mumbo_jumbo_sm.jpg,/objects/thumbs/cover_mumbo_jumbo_th.jpg,Book cover for Mumbo Jumbo by Ishmael Reed
margan031,St. Urbain’s Horseman,1971,Mordecai Richler,69,"St. Urbain's Horseman is the seventh novel by Canadian author Mordecai Richler. First published in 1971 by McClelland & Stewart, it won the Governor General's Award for 1971. (Source: Wikipedia)",,,,https://www.wikidata.org/wiki/Q246014,Q246014,"Metadata and other content produced by the MaRGAN team for this website is free for teaching and research purposes, provided appropriate credit is given. See <a href=""https://creativecommons.org/licenses/by/4.0/"">https://creativecommons.org/licenses/by/4.0/</a> for more information.",https://creativecommons.org/licenses/by/4.0/,Text,image/jpeg,,record,OL4914402M,https://openlibrary.org/works/OL4914402M,https://covers.openlibrary.org/b/OLID/OL4914402M.jpg,/objects/cover_st_urbains_horseman.jpg,/objects/small/cover_st_urbains_horseman_sm.jpg,/objects/thumbs/cover_st_urbains_horseman_th.jpg,Book cover for St. Urbain’s Horseman by Mordecai Richler
margan032,Ceremony,1977,Leslie Marmon Silko,70,"Ceremony is a novel by Leslie Marmon Silko, a writer of Laguna Pueblo descent. It was published by Viking Press in 1977. The title Ceremony is based on the oral traditions and ceremonial practices of the Navajo and Pueblo people. The book helped secure Silko a MacArthur “genius” grant in 1981. (Source: Wikipedia)",Place; Ritual; Psyche; Healing; Holy People,United States,Animist-Native American,https://www.wikidata.org/wiki/Q5064165,Q5064165,"Metadata and other content produced by the MaRGAN team for this website is free for teaching and research purposes, provided appropriate credit is given. See <a href=""https://creativecommons.org/licenses/by/4.0/"">https://creativecommons.org/licenses/by/4.0/</a> for more information.",https://creativecommons.org/licenses/by/4.0/,Text,image/jpeg,,record,OL2538273M,https://openlibrary.org/works/OL2538273M,https://covers.openlibrary.org/b/OLID/OL2538273M.jpg,/objects/cover_ceremony.jpg,/objects/small/cover_ceremony_sm.jpg,/objects/thumbs/cover_ceremony_th.jpg,Book cover for Ceremony by Leslie Marmon Silko
margan033,The Ballad of Peckham Rye,1960,Muriel Spark,71,The Ballad of Peckham Rye is a novel written in 1960 by the British author Muriel Spark. (Source: Wikipedia),Belief; Critique; Enchantment; Community; Ethics; Supernatural,United Kingdom,Christianity-Roman Catholic,https://www.wikidata.org/wiki/Q31179,Q31179,"Metadata and other content produced by the MaRGAN team for this website is free for teaching and research purposes, provided appropriate credit is given. See <a href=""https://creativecommons.org/licenses/by/4.0/"">https://creativecommons.org/licenses/by/4.0/</a> for more information.",https://creativecommons.org/licenses/by/4.0/,Text,image/jpeg,,record,OL5796061M,https://openlibrary.org/works/OL5796061M,https://covers.openlibrary.org/b/OLID/OL5796061M.jpg,/objects/cover_the_ballad_of_peckham_rye.jpg,/objects/small/cover_the_ballad_of_peckham_rye_sm.jpg,/objects/thumbs/cover_the_ballad_of_peckham_rye_th.jpg,Book cover for The Ballad of Peckham Rye by Muriel Spark
margan034,The Girls of Slender Means,1963,Muriel Spark,71,"The Girls of Slender Means is a novella written in 1963 by British author Muriel Spark. It was included in Anthony Burgess's 1984 book Ninety-Nine Novels: The Best in English since 1939 — A Personal Choice. In 2022, it was included on the ""Big Jubilee Read"" list of 70 books by Commonwealth authors, selected to celebrate the Platinum Jubilee of Elizabeth II. (Source: Wikipedia)",Belief; Holy People; Omens & Visions; Sacred Texts; Sacrifice,United Kingdom; Haiti,Christianity-Roman Catholic,https://www.wikidata.org/wiki/Q716712,Q716712,"Metadata and other content produced by the MaRGAN team for this website is free for teaching and research purposes, provided appropriate credit is given. See <a href=""https://creativecommons.org/licenses/by/4.0/"">https://creativecommons.org/licenses/by/4.0/</a> for more information.",https://creativecommons.org/licenses/by/4.0/,Text,image/jpeg,,record,OL5883048M,https://openlibrary.org/works/OL5883048M,https://covers.openlibrary.org/b/OLID/OL5883048M.jpg,/objects/cover_the_girls_of_slender_means.jpg,/objects/small/cover_the_girls_of_slender_means_sm.jpg,/objects/thumbs/cover_the_girls_of_slender_means_th.jpg,Book cover for The Girls of Slender Means by Muriel Spark
margan035,Saguna: A Story of Native Christian Life,1895,Krupabai Satthianadhan,72,,,,,https://www.wikidata.org/wiki/Q124993010,Q124993010,"Metadata and other content produced by the MaRGAN team for this website is free for teaching and research purposes, provided appropriate credit is given. See <a href=""https://creativecommons.org/licenses/by/4.0/"">https://creativecommons.org/licenses/by/4.0/</a> for more information.",https://creativecommons.org/licenses/by/4.0/,Text,image/jpeg,,record,OL506058M,https://openlibrary.org/works/OL506058M,https://covers.openlibrary.org/b/OLID/OL506058M.jpg,/objects/cover_saguna_a_story_of_native_christian_life.jpg,/objects/small/cover_saguna_a_story_of_native_christian_life_sm.jpg,/objects/thumbs/cover_saguna_a_story_of_native_christian_life_th.jpg,Book cover for Saguna: A Story of Native Christian Life by Krupabai Satthianadhan
margan036,Divorcing,1969,Susan Taubes,73,,,,,https://www.wikidata.org/wiki/Q135475821,Q135475821,"Metadata and other content produced by the MaRGAN team for this website is free for teaching and research purposes, provided appropriate credit is given. See <a href=""https://creativecommons.org/licenses/by/4.0/"">https://creativecommons.org/licenses/by/4.0/</a> for more information.",https://creativecommons.org/licenses/by/4.0/,Text,image/jpeg,,record,OL5684730M,https://openlibrary.org/works/OL5684730M,https://covers.openlibrary.org/b/OLID/OL5684730M.jpg,/objects/cover_divorcing.jpg,/objects/small/cover_divorcing_sm.jpg,/objects/thumbs/cover_divorcing_th.jpg,Book cover for Divorcing by Susan Taubes
margan037,The River Between,1965,Ngũgĩ wa Thiong'o,74,"The River Between is a 1965 novel by Kenyan author Ngũgĩ wa Thiong'o that was published as part of the influential Heinemann African Writers Series. It tells the story of the separation of two neighbouring villages of Kenya caused by differences in faith set in the decades of roughly the early 20th century. The bitterness between them caused much hatred between the adults of each side. The story tells about the struggle of a young leader, Waiyaki, to unite the two villages of Kameno and Makuyu through sacrifice and pain. (Source: Wikipedia)",Belief; Community; Critique; Ethics; Ritual; Sacrifice,Kenya,Christianity-Protestant; Non Affliated-Spiritual but not religious; Animist-African,https://www.wikidata.org/wiki/Q7760989,Q7760989,"Metadata and other content produced by the MaRGAN team for this website is free for teaching and research purposes, provided appropriate credit is given. See <a href=""https://creativecommons.org/licenses/by/4.0/"">https://creativecommons.org/licenses/by/4.0/</a> for more information.",https://creativecommons.org/licenses/by/4.0/,Text,image/jpeg,,record,OL5971765M,https://openlibrary.org/works/OL5971765M,https://covers.openlibrary.org/b/OLID/OL5971765M.jpg,/objects/cover_the_river_between.jpg,/objects/small/cover_the_river_between_sm.jpg,/objects/thumbs/cover_the_river_between_th.jpg,Book cover for The River Between by Ngũgĩ wa Thiong'o
margan038,The Palm-Wine Drinkard,1952,Amos Tutuola,75,"The Palm-Wine Drinkard is a novel published in 1952 by the Nigerian author Amos Tutuola. The first African novel published in English outside of Africa, this quest tale based on Yoruba folktales is written in a modified English or Pidgin English. In it, a man follows his brewer into the land of the dead, encountering many spirits and adventures. The novel has always been controversial, inspiring both admiration and contempt among Western and Nigerian critics, but has emerged as one of the most important texts in the African literary canon, translated into more than a dozen languages. (Source: Wikipedia)",,,,https://www.wikidata.org/wiki/Q774053,Q774053,"Metadata and other content produced by the MaRGAN team for this website is free for teaching and research purposes, provided appropriate credit is given. See <a href=""https://creativecommons.org/licenses/by/4.0/"">https://creativecommons.org/licenses/by/4.0/</a> for more information.",https://creativecommons.org/licenses/by/4.0/,Text,image/jpeg,,record,OL6135103M,https://openlibrary.org/works/OL6135103M,https://covers.openlibrary.org/b/OLID/OL6135103M.jpg,/objects/cover_the_palm-wine_drinkard.jpg,/objects/small/cover_the_palm-wine_drinkard_sm.jpg,/objects/thumbs/cover_the_palm-wine_drinkard_th.jpg,Book cover for The Palm-Wine Drinkard by Amos Tutuola
margan039,The Column of Dust,1909,Evelyn Underhill,76,,,,,https://www.wikidata.org/wiki/Q135187971,Q135187971,"Metadata and other content produced by the MaRGAN team for this website is free for teaching and research purposes, provided appropriate credit is given. See <a href=""https://creativecommons.org/licenses/by/4.0/"">https://creativecommons.org/licenses/by/4.0/</a> for more information.",https://creativecommons.org/licenses/by/4.0/,Text,image/jpeg,,record,OL7218595M,https://openlibrary.org/works/OL7218595M,https://covers.openlibrary.org/b/OLID/OL7218595M.jpg,/objects/cover_the_column_of_dust.jpg,/objects/small/cover_the_column_of_dust_sm.jpg,/objects/thumbs/cover_the_column_of_dust_th.jpg,Book cover for The Column of Dust by Evelyn Underhill
margan040,Lolly Willowes,1926,Sylvia Townsend Warner,77,"Lolly Willowes; or The Loving Huntsman is a novel by English writer Sylvia Townsend Warner, her first, published in 1926. It has been described as an early feminist classic. It is a satirical social novel with fantastic elements, set in England at the beginning of the 20th century. It deals with the social restrictions on women as well as alternative ways of living during the interwar period. (Source: Wikipedia)",Gods & Spirits; Holy People; Institutions; Place; Sexuality,United Kingdom,Christianity-Anglican; Syncretic Religions-Pagan,https://www.wikidata.org/wiki/Q6668990,Q6668990,"Metadata and other content produced by the MaRGAN team for this website is free for teaching and research purposes, provided appropriate credit is given. See <a href=""https://creativecommons.org/licenses/by/4.0/"">https://creativecommons.org/licenses/by/4.0/</a> for more information.",https://creativecommons.org/licenses/by/4.0/,Text,image/jpeg,,record,OL58929620M,https://openlibrary.org/works/OL58929620M,https://covers.openlibrary.org/b/OLID/OL58929620M.jpg,/objects/cover_lolly_willowes.jpg,/objects/small/cover_lolly_willowes_sm.jpg,/objects/thumbs/cover_lolly_willowes_th.jpg,Book cover for Lolly Willowes by Sylvia Townsend Warner
margan041,The Undying Fire,1919,H.G. Wells,78,"The Undying Fire, a 1919 novel by H. G. Wells, is a modern retelling of the story of Job. Like the Book of Job, it consists of a prologue in heaven, an exchange of speeches with four visitors, a dialogue between the protagonist and God, and an epilogue in which the protagonist's fortunes are restored. The novel is dedicated ""to All Schoolmasters and Schoolmistresses and every Teacher in the World."" (Source: Wikipedia)",Apocalypse; Belief; Critique; Institutions; Sacred Texts,United Kingdom,Christianity-Protestant; Non Affliated-Atheist,https://www.wikidata.org/wiki/Q7771428,Q7771428,"Metadata and other content produced by the MaRGAN team for this website is free for teaching and research purposes, provided appropriate credit is given. See <a href=""https://creativecommons.org/licenses/by/4.0/"">https://creativecommons.org/licenses/by/4.0/</a> for more information.",https://creativecommons.org/licenses/by/4.0/,Text,image/jpeg,,record,OL13519291M,https://openlibrary.org/works/OL13519291M,https://covers.openlibrary.org/b/OLID/OL13519291M.jpg,/objects/cover_the_undying_fire.jpg,/objects/small/cover_the_undying_fire_sm.jpg,/objects/thumbs/cover_the_undying_fire_th.jpg,Book cover for The Undying Fire by H.G. Wells
margan042,The Hills of Hebron,1962,Sylvia Wynter,79,,Community; Sexuality; Ritual; Place; Holy People,Jamaica,Christianity-Protestant; Non Affliated-Atheist,https://www.wikidata.org/wiki/Q135475840,Q135475840,"Metadata and other content produced by the MaRGAN team for this website is free for teaching and research purposes, provided appropriate credit is given. See <a href=""https://creativecommons.org/licenses/by/4.0/"">https://creativecommons.org/licenses/by/4.0/</a> for more information.",https://creativecommons.org/licenses/by/4.0/,Text,image/jpeg,,record,OL17338244M,https://openlibrary.org/works/OL17338244M,https://covers.openlibrary.org/b/OLID/OL17338244M.jpg,/objects/cover_the_hills_of_hebron.jpg,/objects/small/cover_the_hills_of_hebron_sm.jpg,/objects/thumbs/cover_the_hills_of_hebron_th.jpg,Book cover for The Hills of Hebron by Sylvia Wynter
margan043,The Obeah Man,1964,Ismith Khan,80,,Belief; Body; Healing; Holy People; Ritual,Trinidad and Tobago,Animist-African,https://www.wikidata.org/wiki/Q140310166,Q140310166,"Metadata and other content produced by the MaRGAN team for this website is free for teaching and research purposes, provided appropriate credit is given. See <a href=""https://creativecommons.org/licenses/by/4.0/"">https://creativecommons.org/licenses/by/4.0/</a> for more information.",https://creativecommons.org/licenses/by/4.0/,Text,image/jpeg,,record,OL5939054M,https://openlibrary.org/works/OL5939054M,https://covers.openlibrary.org/b/OLID/OL5939054M.jpg,/objects/cover_the_obeah_man.jpg,/objects/small/cover_the_obeah_man_sm.jpg,/objects/thumbs/cover_the_obeah_man_th.jpg,Book cover for The Obeah Man by Ismith Khan
margan044,My Name is Asher Lev,1972,Chaim Potok,66,"My Name Is Asher Lev is a novel by Chaim Potok, an American author and rabbi. The book's protagonist is Asher Lev, a Hasidic Jewish boy in New York City. Asher is a loner with artistic inclinations. His art, however, causes conflicts with his family and other members of his community. The book follows Asher's maturity as both an artist and a Jew. (Source: Wikipedia)",Arts; Image; Holy People; Ritual,United States,Judaism-Orthodox,https://www.wikidata.org/wiki/Q126712315,Q126712315,"Metadata and other content produced by the MaRGAN team for this website is free for teaching and research purposes, provided appropriate credit is given. See <a href=""https://creativecommons.org/licenses/by/4.0/"">https://creativecommons.org/licenses/by/4.0/</a> for more information.",https://creativecommons.org/licenses/by/4.0/,Text,image/jpeg,,record,OL39803720M,https://openlibrary.org/works/OL39803720M,https://covers.openlibrary.org/b/OLID/OL39803720M.jpg,/objects/cover_my_name_is_asher_lev.jpg,/objects/small/cover_my_name_is_asher_lev_sm.jpg,/objects/thumbs/cover_my_name_is_asher_lev_th.jpg,Book cover for My Name is Asher Lev by Chaim Potok